,Name,Sequence
0,ELT-3_2_39,TANYYLPSPPYSSTSSSDSRESRMNTPIPTTYSEENV
1,ELT-3_54_74,TSQKNFWQEGSPSSSEYLHQ
2,ELT-3_195_239,PLPLLNSSPTHPYTTMSNFTPPPQDPLVAEPKPMKKRMAAVQCH
3,ELT-3_282_317,LRKDGIMKRNRRPRNESPNSAIRNTHQRHGHAAAC
4,HLH-1_0_35,MNTETSTQSAPSDTYDTSIYYNSSPRVTANDITTL
5,HLH-1_57_143,NQPAYYLPSYAPTAPTTFYSDFANFNVTRSQDFASVPAVANSSDVKPIIIKQEKSTPNATELIIQSRVDSQHEDTTTSTAGGAGVG
6,HLH-1_226_324,QMTQQINGAPPHDYVTSSHFASSSYNPENMFDDDDLTDSDDDRDHHKLGNAVDLRRRNSLDRLSRIVASIPNEEAMTDEQLLQPANDVIDGEKKLEML
7,ELT-1_15_38,SGGASLAPTSSTTAASIAPFSYN
8,ELT-1_129_214,QGNGTIVPQPITQNIISTVSNVQSSVPINNSQPLTPTGLAGCSTSSGSSSASSSSANSTSTPKNTISKANRSSGGANNSQFSTED
9,ELT-2_0_59,MDNNYNDNVNGWAEMEPSQPMGGLRLPTQNMDPPEQNNESQLSELPRMKIDNDYASPIE
10,ELT-2_186_232,VAYSTSLGQPPILEIPSEQPTAKIAKQSSKKSSSSNRGSNGSASRR
11,ELT-2_410_432,VMPVQDDETKAAARDLEAVDGD
12,PHA-4_0_44,MTSPSSDEDIIDIRVIKEEPESEPDSEAEPATTTNSTDSEDSVE
13,PHA-4_96_118,NAQDYLPTYSNTTLNYQPYQYQ
14,PHA-4_159_214,FTTGTTGATTAAASVATSSASAVIGRSNGRSSSTVAASPADRSYSGVSGGQGQEL
15,HND-1_0_33,MVKSTTAGNNAVSSLESTDSKKSRKEKSREKEH
16,HND-1_88_122,TDCNESRPLTHSDFRVNISNEIRIRNSYRERAHN
